url,category title,product title,product subtitle,price,price amount,currency,Fitting Position,Diameter,Brake Disc Type,Drilled,Surface,Processing,Supplementary Article / Supplementary Info 2,Brake Disc Thickness,Height [mm],Material,Centering Diameter [mm],Number of Holes,Wheel Bolt Hole Diameter [mm],Bolt Circle Diameter [mm],Part Number,Brand,EAN Number,Condition,Vehicle Models,Engines,Vehicle Power [hp],Power [kW],Production Years,Manufacturer Part Number,OE Reference Numbers,Minimum Thickness [mm],Gewindemaß,Farbe,Test Mark,Innendurchmesser [mm],Bohrungsdurchmesser [mm],Baujahr bis,Bohrbild / Lochzahl,Gewicht [kg],Verpackungslänge [cm],Verpackungsbreite [cm],Verpackungshöhe [cm],Produktreihe,Anzugsdrehmoment [Nm],Ergänzende Info,benötigte Stückzahl,erfüllt ECE-Norm,Bohrungsdurchmesser bis [mm],Version,Gebindeart,Technische Informationsnummer,Fahrzeugtyp,Nabendurchmesser 1 [mm],Nabendurchmesser 2 [mm],Felge Lochzahl,Nabendurchmesser [mm],Dicke / Stärke,Motorcode,Lochanzahl 1,Zulassungsart,Number of Mounting Holes,Baujahr ab,Anzahl der Bohrungen,verwendbar für Fahrzeuge bis Bj.,Bremsscheibennabenhöhe [mm],für OE-Nummer,Länge [mm],Verpackungstiefe [cm],für Modellreihenbaumuster,OE numbers,image URLs,image files,image filenames
https://www.autodoc.de/ridex/8015064,أقراص الفرامل,"RIDEX 82B0439 قرص فرامل لـ HYUNDAI EXCEL, ACCENT","Front Axle, 241.3x19.1mm, 4/6x100, Vented, Cast Iron","16,49 €",16.49,EUR,Front Axle,241.3,Vented,No,Uncoated,Untreated,Without Screws,19.1,52,Cast Iron,63.3,4 / 6,12.5,100,82B0439,RIDEX,4059191128181,New,Hyundai Accent LC; Hyundai Accent II LC,1.6; 1.5; 1.3; 1.5 CRDi,75-106 hp,55-78 kW,1999-2006 years,82B0439,"5171225060, 5171225061, 5171225010",,,,,,,,,,,,,,,,,,,,,,,,,,,,,,,,,,,,,,,,"OE 5171225060 — HYUNDAI, OE 5171225061 — HYUNDAI, OE 5171225010 — HYUNDAI","https://media.autodoc.de/360_photos/8015064/h-preview.jpg, https://media.autodoc.de/360_photos/8015064/preview.jpg, https://cdn.autodoc.de/thumb?id=8015064&m=0&n=0&lng=de&rev=94078060, https://cdn.autodoc.de/thumb?id=8015064&m=0&n=1&lng=de&rev=94078060, https://cdn.autodoc.de/thumb?id=8015064&m=0&n=2&lng=de&rev=94078060, https://cdn.autodoc.de/thumb?id=8015064&m=0&n=3&lng=de&rev=94078060, https://cdn.autodoc.de/thumb?id=8015064&m=0&n=4&lng=de&rev=94078060, https://cdn.autodoc.de/thumb?id=8015064&m=0&n=5&lng=de&rev=94078060, https://cdn.autodoc.de/thumb?id=8015064&m=0&n=6&lng=de&rev=94078060, https://cdn.autodoc.de/thumb?id=8015064&m=0&n=7&lng=de&rev=94078060","data/processed/product_images/8015064/image_01.webp, data/processed/product_images/8015064/image_02.webp, data/processed/product_images/8015064/image_03.webp, data/processed/product_images/8015064/image_04.webp, data/processed/product_images/8015064/image_05.webp, data/processed/product_images/8015064/image_06.webp, data/processed/product_images/8015064/image_07.webp, data/processed/product_images/8015064/image_08.webp, data/processed/product_images/8015064/image_09.webp, data/processed/product_images/8015064/image_10.webp","image_01.webp, image_02.webp, image_03.webp, image_04.webp, image_05.webp, image_06.webp, image_07.webp, image_08.webp, image_09.webp, image_10.webp"
https://www.autodoc.de/stark/7857129,أقراص الفرامل,"STARK SKBD-0022132 قرص فرامل لـ HYUNDAI EXCEL, ACCENT","Front Axle, 241.3x19.1mm, 4/6x100, Vented, Cast Iron","17,49 €",17.49,EUR,Front Axle,241.3,Vented,No,Uncoated,Untreated,Without Screws,19.1,52,Cast Iron,63.3,4 / 6,12.5,100,SKBD-0022132,STARK,4059191062119,New,Hyundai Accent LC; Hyundai Accent II LC,1.6; 1.5; 1.3; 1.5 CRDi,75-106 hp,55-78 kW,1999-2006 years,SKBD-0022132,"5171225060, 5171225061, 5171225010",,,,,,,,,,,,,,,,,,,,,,,,,,,,,,,,,,,,,,,,"OE 5171225060 — HYUNDAI, OE 5171225061 — HYUNDAI, OE 5171225010 — HYUNDAI","https://cdn.autodoc.de/thumb?id=7857129&m=0&n=0&lng=de&rev=94078060, https://cdn.autodoc.de/thumb?id=7857129&m=0&n=1&lng=de&rev=94078060, https://cdn.autodoc.de/thumb?id=7857129&m=0&n=2&lng=de&rev=94078060, https://cdn.autodoc.de/thumb?id=7857129&m=0&n=3&lng=de&rev=94078060","data/processed/product_images/7857129/image_01.webp, data/processed/product_images/7857129/image_02.webp, data/processed/product_images/7857129/image_03.webp, data/processed/product_images/7857129/image_04.webp","image_01.webp, image_02.webp, image_03.webp, image_04.webp"
https://www.autodoc.de/trw/2189682,أقراص الفرامل,"TRW DF4496 قرص فرامل لـ HYUNDAI PONY, EXCEL, ACCENT","241x19mm, 4x100, Vented","33,49 €",33.49,EUR,This property varies depending on the vehicle model,241,Vented,No,lackiert,,,19,51,,63,4,,100,DF4496,TRW,3322937474219,New,Hyundai Accent LC; Hyundai Accent II LC; Hyundai Accent X3,1.5; 1.6; 1.3; 1.5 CRDi; 1.5 i 16V,75-105 hp,55-77 kW,1995-2006 years,DF4496,"51712-25060, 51712-25061, 51712-25010",17,12.4,schwarz,E1 90R-02 C0176 / 0617,,,,,,,,,,,,,,,,,,,,,,,,,,,,,,,,,,,,"OE 51712-25060 — HYUNDAI, OE 51712-25061 — HYUNDAI, OE 51712-25010 — HYUNDAI","https://cdn.autodoc.de/thumb?id=2189682&m=0&n=0&lng=de&rev=94078060, https://cdn.autodoc.de/thumb?id=2189682&m=0&n=1&lng=de&rev=94078060","data/processed/product_images/2189682/image_01.webp, data/processed/product_images/2189682/image_02.webp","image_01.webp, image_02.webp"
https://www.autodoc.de/ate/957195,أقراص الفرامل,"ATE 24.0119-0114.1 قرص فرامل لـ HYUNDAI EXCEL, ACCENT","241x19.0mm, 4x100.0, Vented","39,99 €",39.99,EUR,,241,Vented,No,Coated,,,19.0,52.1,,62.2,4,,100.0,24.0119-0114.1,ATE,4006633229623,New,Hyundai Accent LC; Hyundai Accent II LC,1.5; 1.6; 1.3; 1.5 CRDi,75-105 hp,55-77 kW,1999-2006 years,419114,"51712-25060, 51712-25061, 419114",17.0,,,E1 90R-02C0115 / 0106,126.0,12.5,This property varies depending on the vehicle model,,,,,,,,,,,,,,,,,,,,,,,,,,,,,,,,,"OE 51712-25060 — HYUNDAI, OE 51712-25061 — HYUNDAI","https://media.autodoc.de/360_photos/957195/h-preview.jpg, https://media.autodoc.de/360_photos/957195/preview.jpg, https://cdn.autodoc.de/thumb?id=957195&m=0&n=0&lng=de&rev=94078060, https://cdn.autodoc.de/thumb?id=957195&m=0&n=1&lng=de&rev=94078060","data/processed/product_images/957195/image_01.webp, data/processed/product_images/957195/image_02.webp, data/processed/product_images/957195/image_03.webp, data/processed/product_images/957195/image_04.webp","image_01.webp, image_02.webp, image_03.webp, image_04.webp"
https://www.autodoc.de/textar/10502019,أقراص الفرامل,"TEXTAR 92128503 قرص فرامل لـ HYUNDAI EXCEL, ACCENT","241x19mm, 04/06x100, Internally Vented","34,99 €",34.99,EUR,This property varies depending on the vehicle model,241,Internally Vented,No,Coated,,"ohne Radnabe, ohne Radlager, ohne Radbefestigungsbolzen",19,52,,62.2,,12.7,100,92128503,TEXTAR,4019722492273,New,Hyundai Accent LC; Hyundai Accent II LC,1.5; 1.6; 1.3; 1.5 CRDi,75-106 hp,55-78 kW,1999-2006 years,98200 1285 0 1 PRO,"5171225060, 5171225061, 5171225010, 98200 1285 0 1 PRO",17,,,,125.6,,,04 / 06,4.7,26.3,26.3,13.5,,,,,,,,,,,,,,,,,,,,,,,,,,,,"OE 5171225060 — HYUNDAI, OE 5171225061 — HYUNDAI, OE 5171225010 — HYUNDAI",https://cdn.autodoc.de/thumb?id=10502019&m=0&n=0&lng=de&rev=94078060,data/processed/product_images/10502019/image_01.webp,image_01.webp
https://www.autodoc.de/brembo/1657526,أقراص الفرامل,"BREMBO Prime 09.9537.20 قرص فرامل لـ HYUNDAI EXCEL, ACCENT","241x19mm, 4, Internally Vented","31,49 €",31.49,EUR,This property varies depending on the vehicle model,241,Internally Vented,No,,hochgekohlt,,19,52,,62,4,,,09.9537.20,BREMBO,8020584953723,New,Hyundai Accent LC; Hyundai Accent II LC,1.5; 1.6; 1.3; 1.5 CRDi,75-105 hp,55-77 kW,1999-2006 years,09.9537.20,5171225061,17,,,,,,,,,,,,BREMBO Prime,100,,,,,,,,,,,,,,,,,,,,,,,,,,OE 5171225061 — HYUNDAI / KIA (DYK),"https://cdn.autodoc.de/thumb?id=1657526&m=0&n=0&lng=de&rev=94078060, https://cdn.autodoc.de/thumb?id=1657526&m=0&n=1&lng=de&rev=94078060, https://cdn.autodoc.de/thumb?id=1657526&m=0&n=2&lng=de&rev=94078060","data/processed/product_images/1657526/image_01.webp, data/processed/product_images/1657526/image_02.webp, data/processed/product_images/1657526/image_03.webp","image_01.webp, image_02.webp, image_03.webp"
https://www.autodoc.de/meyle/9650249,أقراص الفرامل,"MEYLE 37-15 521 0005 قرص فرامل لـ HYUNDAI EXCEL, ACCENT","Front Axle, 241x19mm, 4x100, Vented","31,42 €",31.42,EUR,Front Axle,241,Vented,No,,,,19,52.1,,62.2,4,12.5,100,37-15 521 0005,MEYLE,4040074070918,New,Hyundai Accent LC; Hyundai Accent II LC,1.5; 1.6; 1.3; 1.5 CRDi,75-105 hp,55-77 kW,1999-2005 years,MBD1038,"51712-25060, 51712-25061, MBD1038",17,,,,,,This property varies depending on the vehicle model,,,,,,,,ORIGINAL Quality,2,,,,,,,,,,,,,,,,,,,,,,,,"OE 51712-25060 — HYUNDAI, OE 51712-25061 — HYUNDAI",https://cdn.autodoc.de/thumb?id=9650249&m=0&n=0&lng=de&rev=94078060,data/processed/product_images/9650249/image_01.webp,image_01.webp
https://www.autodoc.de/bosch/1166172,أقراص الفرامل,"BOSCH 0 986 479 377 قرص فرامل لـ HYUNDAI EXCEL, ACCENT","241x19mm, 4x100, Vented","20,49 €",20.49,EUR,This property varies depending on the vehicle model,241,Vented,No,Oiled,,With Screws,19,52,,63.2,4,,100,0 986 479 377,BOSCH,4047024293281,New,Hyundai Accent LC; Hyundai Accent II LC; Hyundai Accent MC,1.5; 1.6; 1.3; 1.5 CRDi; 1.6 GLS,75-112 hp,55-82 kW,1999-2010 years,BD1213,"51712 25060, 51712 25010, 51712 25061, BD1213, 51713 25061",17,,,,,,,,,,,,,,,,ECE-R90,12.5,,,,,,,,,,,,,,,,,,,,,,"OE 51712 25060 — HYUNDAI / KIA, OE 51712 25010 — HYUNDAI / KIA, OE 51712 25061 — HYUNDAI","https://media.autodoc.de/360_photos/1166172/h-preview.jpg, https://media.autodoc.de/360_photos/1166172/preview.jpg, https://cdn.autodoc.de/thumb?id=1166172&m=0&n=0&lng=de&rev=94078060, https://cdn.autodoc.de/thumb?id=1166172&m=0&n=1&lng=de&rev=94078060, https://cdn.autodoc.de/thumb?id=1166172&m=0&n=2&lng=de&rev=94078060, https://cdn.autodoc.de/thumb?id=1166172&m=0&n=3&lng=de&rev=94078060","data/processed/product_images/1166172/image_01.webp, data/processed/product_images/1166172/image_02.webp, data/processed/product_images/1166172/image_03.webp, data/processed/product_images/1166172/image_04.webp, data/processed/product_images/1166172/image_05.webp, data/processed/product_images/1166172/image_06.webp","image_01.webp, image_02.webp, image_03.webp, image_04.webp, image_05.webp, image_06.webp"
https://www.autodoc.de/brembo/1657525,أقراص الفرامل,"BREMBO Prime 09.9537.10 قرص فرامل لـ HYUNDAI EXCEL, ACCENT","241x19mm, 4, Internally Vented","32,49 €",32.49,EUR,This property varies depending on the vehicle model,241,Internally Vented,No,,hochgekohlt,,19,52,,63,4,,,09.9537.10,BREMBO,8020584953716,New,Hyundai Accent LC; Hyundai Accent II LC,1.5; 1.6; 1.3; 1.5 CRDi,75-105 hp,55-77 kW,1999-2006 years,09.9537.10,5171225060,17,,,,,,,,,,,,BREMBO Prime,100,,,,,,,,,,,,,,,,,,,,,,,,,,OE 5171225060 — HYUNDAI,"https://cdn.autodoc.de/thumb?id=1657525&m=0&n=0&lng=de&rev=94078060, https://cdn.autodoc.de/thumb?id=1657525&m=0&n=1&lng=de&rev=94078060, https://cdn.autodoc.de/thumb?id=1657525&m=0&n=2&lng=de&rev=94078060","data/processed/product_images/1657525/image_01.webp, data/processed/product_images/1657525/image_02.webp, data/processed/product_images/1657525/image_03.webp","image_01.webp, image_02.webp, image_03.webp"
https://www.autodoc.de/jurid/7209854,أقراص الفرامل,"JURID 562273JC قرص فرامل لـ HYUNDAI EXCEL, ACCENT","241x19mm, 4x100, Vented","25,49 €",25.49,EUR,This property varies depending on the vehicle model,241,Vented,No,Coated,,Without Screws,19,52.4,,63,4,,100,562273JC,JURID,3306437218894,New,Hyundai Accent LC; Hyundai Accent II LC,1.5; 1.6; 1.3; 1.5 CRDi,75-105 hp,55-77 kW,1999-2006 years,"562273, 562273JC","5171225060, 5171225061, 562273",17,,,,,,,,9.45,,27,12.5,,100,,,,,JC,Schachtel,,,,,,,,,,,,,,,,,,,,"OE 5171225060 — HYUNDAI, OE 5171225061 — HYUNDAI","https://cdn.autodoc.de/thumb?id=7209854&m=0&n=0&lng=de&rev=94078060, https://cdn.autodoc.de/thumb?id=7209854&m=0&n=1&lng=de&rev=94078060","data/processed/product_images/7209854/image_01.webp, data/processed/product_images/7209854/image_02.webp","image_01.webp, image_02.webp"
https://www.autodoc.de/jp-group/12907486,أقراص الفرامل,"JP GROUP 3563102400 قرص فرامل لـ HYUNDAI EXCEL, ACCENT","Front Axle, 241x19mm, 4, Vented","28,99 €",28.99,EUR,Front Axle,241,Vented,No,Coated,,,19,,,,4,,,3563102400,JP GROUP,5710412610869,New,Hyundai Accent LC; Hyundai Accent II LC,1.6; 1.5; 1.3; 1.5 CRDi,75-106 hp,55-78 kW,1999-2006 years,3563101709,"5171225060, 5171225061, 5171225010",,,,,,,,,,,,,,,,,,,,,,,,,,,,,,,,,,,,,,,,"OE 5171225060 — HYUNDAI, OE 5171225061 — HYUNDAI, OE 5171225010 — HYUNDAI","https://cdn.autodoc.de/thumb?id=12907486&m=0&n=0&lng=de&rev=94078060, https://cdn.autodoc.de/thumb?id=12907486&m=0&n=1&lng=de&rev=94078060","data/processed/product_images/12907486/image_01.webp, data/processed/product_images/12907486/image_02.webp","image_01.webp, image_02.webp"
https://www.autodoc.de/maxgear/9127543,أقراص الفرامل,"MAXGEAR 19-0934 قرص فرامل لـ HYUNDAI EXCEL, ACCENT","Front Axle, 241x19mmx100, Internally Vented","37,49 €",37.49,EUR,Front Axle,241,Internally Vented,No,,,"ohne Radnabe, ohne Radbefestigungsbolzen",19,52,,62.2,,,100,19-0934,MAXGEAR,5907558555363,New,Hyundai Accent LC; Hyundai Accent II LC,1.6; 1.5; 1.3; 1.5 CRDi,75-106 hp,55-78 kW,1999-2006 years,19-0934,"5171225060, 5171225061, 5171225010",17,,,,,,,,,28.5,27,13,,,,,,,,,98200 1285 0 1,,,,,,,,,,,,,,,,,,,"OE 5171225060 — HYUNDAI, OE 5171225061 — HYUNDAI, OE 5171225010 — HYUNDAI","https://cdn.autodoc.de/thumb?id=9127543&m=0&n=0&lng=de&rev=94078060, https://cdn.autodoc.de/thumb?id=9127543&m=0&n=1&lng=de&rev=94078060","data/processed/product_images/9127543/image_01.webp, data/processed/product_images/9127543/image_02.webp","image_01.webp, image_02.webp"
https://www.autodoc.de/hella/10408004,أقراص الفرامل,"HELLA 8DD 355 110-641 قرص فرامل لـ HYUNDAI EXCEL, ACCENT","241x19mm, 04/06x100, Internally Vented","21,99 €",21.99,EUR,This property varies depending on the vehicle model,241,Internally Vented,No,,,"ohne Radnabe, ohne Radlager, ohne Radbefestigungsbolzen",19,52,,62.2,,12.7,100,8DD 355 110-641,HELLA,4082300375305,New,Hyundai Accent LC; Hyundai Accent II LC,1.5; 1.6; 1.3; 1.5 CRDi,75-106 hp,55-78 kW,1999-2006 years,54285,"51712-25060, 51712-25061, 51712-25010, 54285",17,,,,125.6,,,04 / 06,4.7,,,,,,,,,,,,,,,,,,,,,,,,,,,,,,,"OE 51712-25060 — HYUNDAI, OE 51712-25061 — HYUNDAI, OE 51712-25010 — HYUNDAI","https://cdn.autodoc.de/thumb?id=10408004&m=0&n=0&lng=de&rev=94078060, https://cdn.autodoc.de/thumb?id=10408004&m=0&n=1&lng=de&rev=94078060, https://cdn.autodoc.de/thumb?id=10408004&m=0&n=2&lng=de&rev=94078060, https://cdn.autodoc.de/thumb?id=10408004&m=0&n=3&lng=de&rev=94078060","data/processed/product_images/10408004/image_01.webp, data/processed/product_images/10408004/image_02.webp, data/processed/product_images/10408004/image_03.webp, data/processed/product_images/10408004/image_04.webp","image_01.webp, image_02.webp, image_03.webp, image_04.webp"
https://www.autodoc.de/samko/15872406,أقراص الفرامل,"SAMKO H2002V قرص فرامل لـ HYUNDAI PONY, EXCEL, ACCENT","241x19mm, 4, Internally Vented","33,49 €",33.49,EUR,,241,Internally Vented,No,,,,19,52,,63.2,4,,,H2002V,SAMKO,2234315872406,New,Hyundai Accent LC; Hyundai Accent II LC; Hyundai Accent X3,1.5; 1.6; 1.3; 1.5 CRDi; 1.5 i 16V,75-105 hp,55-77 kW,1995-2006 years,H2002V,"5171225060, 5171225061, 5171225010",17,,,,,,,,,,,,,,,,,,,,,This property varies depending on the vehicle model,,,,,,,,,,,,,,,,,,"OE 5171225060 — HYUNDAI, OE 5171225061 — HYUNDAI, OE 5171225010 — HYUNDAI",https://cdn.autodoc.de/thumb?id=15872406&m=0&n=0&lng=de&rev=94078060,data/processed/product_images/15872406/image_01.webp,image_01.webp
https://www.autodoc.de/kavo-parts/10796203,أقراص الفرامل,"KAVO PARTS BR-3222-C قرص فرامل لـ HYUNDAI PONY, EXCEL, ACCENT","242x19mm, 4x100, Vented","33,49 €",33.49,EUR,This property varies depending on the vehicle model,242,Vented,No,Coated,,,19,52,,63,4,,100,BR-3222-C,KAVO PARTS,8715616211048,New,Hyundai Accent LC; Hyundai Accent II LC; ACCENT 1 (X-3); Hyundai Accent X3,1.5; 1.6; 1.3; 1.5 CRDi; 1.5 i 16V; 1.5 i 12V,75-105 hp,55-77 kW,1994-2006 years,BR-3222-C,"5171225060, 5171225011",,,,R90,,,,,,,,,,,,,,,,,,,63,142,,,,,,,,,,,,,,,,"OE 5171225060 — HYUNDAI, OE 5171225011 — HYUNDAI","https://media.autodoc.de/360_photos/10796203/h-preview.jpg, https://media.autodoc.de/360_photos/10796203/preview.jpg, https://cdn.autodoc.de/thumb?id=10796203&m=0&n=0&lng=de&rev=94078060, https://cdn.autodoc.de/thumb?id=10796203&m=0&n=1&lng=de&rev=94078060, https://cdn.autodoc.de/thumb?id=10796203&m=0&n=2&lng=de&rev=94078060, https://cdn.autodoc.de/thumb?id=10796203&m=0&n=3&lng=de&rev=94078060","data/processed/product_images/10796203/image_01.webp, data/processed/product_images/10796203/image_02.webp, data/processed/product_images/10796203/image_03.webp, data/processed/product_images/10796203/image_04.webp, data/processed/product_images/10796203/image_05.webp, data/processed/product_images/10796203/image_06.webp","image_01.webp, image_02.webp, image_03.webp, image_04.webp, image_05.webp, image_06.webp"
https://www.autodoc.de/abs/7710614,أقراص الفرامل,"A.B.S. 17578 قرص فرامل لـ HYUNDAI EXCEL, ACCENT","241x19mm, 4x100, Vented","34,99 €",34.99,EUR,This property varies depending on the vehicle model,241,Vented,No,Coated,,,19,52,,63,,,100,17578,A.B.S.,8717109369878,New,Hyundai Accent LC; Hyundai Accent II LC,1.5; 1.6; 1.3; 1.5 CRDi,75-105 hp,55-77 kW,1999-2006 years,17578,5171225061,17,,,,,,,,4.56,,,,,,,,,,,,,,,,4,142,,,,,,,,,,,,,,OE 5171225061 — HYUNDAI,"https://cdn.autodoc.de/thumb?id=7710614&m=0&n=0&lng=de&rev=94078060, https://cdn.autodoc.de/thumb?id=7710614&m=0&n=1&lng=de&rev=94078060, https://cdn.autodoc.de/thumb?id=7710614&m=0&n=2&lng=de&rev=94078060","data/processed/product_images/7710614/image_01.webp, data/processed/product_images/7710614/image_02.webp, data/processed/product_images/7710614/image_03.webp","image_01.webp, image_02.webp, image_03.webp"
https://www.autodoc.de/champion/12804532,أقراص الفرامل,"CHAMPION 562273CH قرص فرامل لـ HYUNDAI EXCEL, ACCENT","241x19mm, 4x100, Vented","24,99 €",24.99,EUR,This property varies depending on the vehicle model,241,Vented,No,,,Without Screws,19,52.4,,62.4,4,,100,562273CH,CHAMPION,4060426067533,New,Hyundai Accent LC; Hyundai Accent II LC,1.5; 1.6; 1.3; 1.5 CRDi,75-105 hp,55-77 kW,1999-2006 years,562273CH,"5171225060, 5171225061",17,,,,,,,,9.45,24.2,24.2,10.8,,100,,,,,,Schachtel,,,,,,,,,,,,,,,,,,,,"OE 5171225060 — HYUNDAI, OE 5171225061 — HYUNDAI","https://cdn.autodoc.de/thumb?id=12804532&m=0&n=0&lng=de&rev=94078060, https://cdn.autodoc.de/thumb?id=12804532&m=0&n=1&lng=de&rev=94078060","data/processed/product_images/12804532/image_01.webp, data/processed/product_images/12804532/image_02.webp","image_01.webp, image_02.webp"
https://www.autodoc.de/febi-bilstein/1887809,أقراص الفرامل,"FEBI BILSTEIN 31767 قرص فرامل لـ HYUNDAI EXCEL, ACCENT","Front Axle, 241x19mm, 4x100, Internally Vented","26,99 €",26.99,EUR,Front Axle,241,Internally Vented,No,Coated,,,19,,,63,,,100,31767,FEBI BILSTEIN,4027816317678,New,Hyundai Accent LC; Hyundai Accent II LC,1.5; 1.6; 1.3; 1.5 CRDi,75-106 hp,55-78 kW,1999-2006 years,31767,"51712-25060, 51712-25061, 51712-25010, 51712-25011",17,,,,,,,,,,,,,,,,,,,,,,,,4,,53,,,,,,,,,,,,,"OE 51712-25060 — HYUNDAI, OE 51712-25061 — HYUNDAI, OE 51712-25010 — HYUNDAI, OE 51712-25011 — HYUNDAI","https://cdn.autodoc.de/thumb?id=1887809&m=0&n=0&lng=de&rev=94078060, https://cdn.autodoc.de/thumb?id=1887809&m=0&n=1&lng=de&rev=94078060, https://cdn.autodoc.de/thumb?id=1887809&m=0&n=2&lng=de&rev=94078060, https://cdn.autodoc.de/thumb?id=1887809&m=0&n=3&lng=de&rev=94078060","data/processed/product_images/1887809/image_01.webp, data/processed/product_images/1887809/image_02.webp, data/processed/product_images/1887809/image_03.webp, data/processed/product_images/1887809/image_04.webp","image_01.webp, image_02.webp, image_03.webp, image_04.webp"
https://www.autodoc.de/blue-print/2883618,أقراص الفرامل,"BLUE PRINT ADG04350 قرص فرامل لـ HYUNDAI EXCEL, ACCENT","Front Axle, 241x19mm, 4x100, Internally Vented","27,49 €",27.49,EUR,Front Axle,241,Internally Vented,No,Coated,,,19,,,63,,,100,ADG04350,BLUE PRINT,5050063043501,New,Hyundai Accent LC; Hyundai Accent II LC,1.5; 1.6; 1.3; 1.5 CRDi,75-106 hp,55-78 kW,1999-2006 years,ADG04350,"51712-25060, 51712-25061, 51712-25010, 51712-25011",17,,,,,,,,,,,,,,,,,,,,,,,,4,,53,,,,,,,,,,,,,"OE 51712-25060 — HYUNDAI, OE 51712-25061 — HYUNDAI, OE 51712-25010 — HYUNDAI, OE 51712-25011 — HYUNDAI","https://cdn.autodoc.de/thumb?id=2883618&m=0&n=0&lng=de&rev=94078060, https://cdn.autodoc.de/thumb?id=2883618&m=0&n=1&lng=de&rev=94078060, https://cdn.autodoc.de/thumb?id=2883618&m=0&n=2&lng=de&rev=94078060","data/processed/product_images/2883618/image_01.webp, data/processed/product_images/2883618/image_02.webp, data/processed/product_images/2883618/image_03.webp","image_01.webp, image_02.webp, image_03.webp"
https://www.autodoc.de/delphi/259166,أقراص الفرامل,"DELPHI BG3749 قرص فرامل لـ HYUNDAI PONY, EXCEL, ACCENT","241x19mm, 4x100, Vented","27,49 €",27.49,EUR,This property varies depending on the vehicle model,241,Vented,No,Oiled,,,19,52,,63.2,4,,100,BG3749,DELPHI,2089259166000,New,Hyundai Accent LC; Hyundai Accent II LC; ACCENT 1 (X-3); Hyundai Accent X3,1.5; 1.6; 1.3; 1.5 CRDi; 1.5 i 16V; 1.5 i 12V; 1.3 i 12V,60-105 hp,44-77 kW,1994-2006 years,BG3749,"51712-25060, 51712-25061, 51712-25010",17,,,R90 Homologated,,,,,,,,,,,,,,,,,,,,,,,,,,,,,,,,,,,,"OE 51712-25060 — HYUNDAI, OE 51712-25061 — HYUNDAI, OE 51712-25010 — HYUNDAI","https://cdn.autodoc.de/thumb?id=259166&m=0&n=0&lng=de&rev=94078060, https://cdn.autodoc.de/thumb?id=259166&m=0&n=1&lng=de&rev=94078060, https://cdn.autodoc.de/thumb?id=259166&m=0&n=2&lng=de&rev=94078060","data/processed/product_images/259166/image_01.webp, data/processed/product_images/259166/image_02.webp, data/processed/product_images/259166/image_03.webp","image_01.webp, image_02.webp, image_03.webp"
https://www.autodoc.de/abs/7710838,أقراص الفرامل,"A.B.S. 17814 قرص فرامل لـ HYUNDAI EXCEL, ACCENT","241x19mm, 4x100, Vented","38,99 €",38.99,EUR,This property varies depending on the vehicle model,241,Vented,No,Coated,,,19,52,,62,,,100,17814,A.B.S.,8717109552300,New,Hyundai Accent LC; Hyundai Accent II LC,1.5; 1.6; 1.3; 1.5 CRDi,75-105 hp,55-77 kW,1999-2006 years,17814,5171225060,17,,,,,,,,4.56,,,,,,,,,,,,,,,,4,142,,,,,,,,,,,,,,OE 5171225060 — HYUNDAI,"https://cdn.autodoc.de/thumb?id=7710838&m=0&n=0&lng=de&rev=94078060, https://cdn.autodoc.de/thumb?id=7710838&m=0&n=1&lng=de&rev=94078060, https://cdn.autodoc.de/thumb?id=7710838&m=0&n=2&lng=de&rev=94078060","data/processed/product_images/7710838/image_01.webp, data/processed/product_images/7710838/image_02.webp, data/processed/product_images/7710838/image_03.webp","image_01.webp, image_02.webp, image_03.webp"
https://www.autodoc.de/ferodo/34369,أقراص الفرامل,"FERODO PREMIER DDF1632 قرص فرامل لـ HYUNDAI EXCEL, ACCENT","241x19mm, 4x100, Vented","29,49 €",29.49,EUR,This property varies depending on the vehicle model,241,Vented,No,Oiled,,Without Screws,19,52.4,,62.4,4,,100,DDF1632,FERODO,2062343690000,New,Hyundai Accent LC; Hyundai Accent II LC,1.5; 1.6; 1.3; 1.5 CRDi,75-105 hp,55-77 kW,1999-2006 years,"DDF1632, DDF1632-1","5171225060, 5171225061, DDF1632, DDF1632-1",17,,,,,,,,9.45,24,24,8.9,FERODO PREMIER,100,,,,,,Schachtel,,,,,,,,,,,,,,,,,,,,"OE 5171225060 — HYUNDAI, OE 5171225061 — HYUNDAI","https://cdn.autodoc.de/thumb?id=34369&m=0&n=0&lng=de&rev=94078060, https://cdn.autodoc.de/thumb?id=34369&m=0&n=1&lng=de&rev=94078060","data/processed/product_images/34369/image_01.webp, data/processed/product_images/34369/image_02.webp","image_01.webp, image_02.webp"
https://www.autodoc.de/ferodo/11011885,أقراص الفرامل,"FERODO PREMIER DDF1632C قرص فرامل لـ HYUNDAI EXCEL, ACCENT","241x19mm, 4, Vented","31,49 €",31.49,EUR,This property varies depending on the vehicle model,241,Vented,No,Coated,,Without Screws,19,52.4,,62.4,4,,,DDF1632C,FERODO,4044197988327,New,Hyundai Accent LC; Hyundai Accent II LC,1.5; 1.6; 1.3; 1.5 CRDi,75-105 hp,55-77 kW,1999-2006 years,DDF1632C,"5171225060, 5171225061, DDF1632C",17,,,,,,,,4.73,24,24,8.9,FERODO PREMIER,100,,,,,,,,,,,,,,,,,,,,,,,,,,"OE 5171225060 — HYUNDAI, OE 5171225061 — HYUNDAI","https://cdn.autodoc.de/thumb?id=11011885&m=0&n=0&lng=de&rev=94078060, https://cdn.autodoc.de/thumb?id=11011885&m=0&n=1&lng=de&rev=94078060, https://cdn.autodoc.de/thumb?id=11011885&m=0&n=2&lng=de&rev=94078060","data/processed/product_images/11011885/image_01.webp, data/processed/product_images/11011885/image_02.webp, data/processed/product_images/11011885/image_03.webp","image_01.webp, image_02.webp, image_03.webp"
https://www.autodoc.de/kavo-parts/10796391,أقراص الفرامل,"KAVO PARTS BR-4224-C قرص فرامل لـ HYUNDAI EXCEL, ACCENT","242x19mm, 4x100, Vented","46,99 €",46.99,EUR,,242,Vented,No,Coated,,,19,52,,62,4,,100,BR-4224-C,KAVO PARTS,8715616211857,New,Hyundai Accent LC; Hyundai Accent II LC,1.5; 1.6; 1.3; 1.5 CRDi,75-105 hp,55-77 kW,1999-2006 years,BR-4224-C,"5171225061, 5171225010",,,,R90,,,This property varies depending on the vehicle model,,,,,,,,,,,,,,,,62,142,,,,,,,,,,,,,,,,"OE 5171225061 — HYUNDAI, OE 5171225010 — HYUNDAI / KIA",https://cdn.autodoc.de/thumb?id=10796391&m=0&n=0&lng=de&rev=94078060,data/processed/product_images/10796391/image_01.webp,image_01.webp
https://www.autodoc.de/swag/10458497,أقراص الفرامل,"SWAG 90 93 1469 قرص فرامل لـ HYUNDAI EXCEL, ACCENT","Front Axle, 241x19mm, 4x100, Internally Vented","37,49 €",37.49,EUR,Front Axle,241,Internally Vented,No,Coated,,,19,,,,,,100,90 93 1469,SWAG,4044688558756,New,Hyundai Accent LC; Hyundai Accent II LC,1.5; 1.6; 1.3; 1.5 CRDi,75-106 hp,55-78 kW,1999-2006 years,90 93 1469,"51712-25060, 51712-25061, 51712-25010, 51712-25011",17,,,,,,,,4.77,,,,,,,,,,,,,,,,4,,52,This property varies depending on the vehicle model,,,,,,,,,,,,"OE 51712-25060 — HYUNDAI, OE 51712-25061 — HYUNDAI, OE 51712-25010 — HYUNDAI, OE 51712-25011 — HYUNDAI",https://cdn.autodoc.de/thumb?id=10458497&m=0&n=0&lng=de&rev=94078060,data/processed/product_images/10458497/image_01.webp,image_01.webp
https://www.autodoc.de/swag/10458503,أقراص الفرامل,"SWAG 90 93 1767 قرص فرامل لـ HYUNDAI EXCEL, ACCENT","Front Axle, 241x19mm, 4x100, Internally Vented","37,49 €",37.49,EUR,Front Axle,241,Internally Vented,No,Coated,,,19,,,63,,,100,90 93 1767,SWAG,4044688317674,New,Hyundai Accent LC; Hyundai Accent II LC,1.5; 1.6; 1.3; 1.5 CRDi,75-106 hp,55-78 kW,1999-2006 years,90 93 1767,"51712-25060, 51712-25061, 51712-25010, 51712-25011",17,,,,,,,,4.5,,,,,,,,,,,,,,,,4,,53,,,,,,,,,,,,,"OE 51712-25060 — HYUNDAI, OE 51712-25061 — HYUNDAI, OE 51712-25010 — HYUNDAI, OE 51712-25011 — HYUNDAI","https://cdn.autodoc.de/thumb?id=10458503&m=0&n=0&lng=de&rev=94078060, https://cdn.autodoc.de/thumb?id=10458503&m=0&n=1&lng=de&rev=94078060","data/processed/product_images/10458503/image_01.webp, data/processed/product_images/10458503/image_02.webp","image_01.webp, image_02.webp"
https://www.autodoc.de/herthbuss-jakoparts/229910,أقراص الفرامل,"HERTH+BUSS JAKOPARTS J3300517 قرص فرامل لـ HYUNDAI EXCEL, ACCENT","Front Axle, 241x19mm, 4x100, Internally Vented","29,40 €",29.4,EUR,Front Axle,241,Internally Vented,No,,,,19,52,,,4,,100,J3300517,HERTH+BUSS YesKOPARTS,4029416159924,New,Hyundai Accent LC; Hyundai Accent II LC,1.5; 1.6; 1.3; 1.5 CRDi,75-105 hp,55-77 kW,1999-2006 years,J3300517,"51712-25060, 51712-25010, C30516H, 51712-25061, K5171225061",17,,,,125.2,,,,,,,,,,,,,,,,,,,,,63,,,2,ECE-geprüft,,,,,,,,,,"OE 51712-25060 — HYUNDAI / KIA, OE 51712-25010 — HYUNDAI / KIA, OE 51712-25061 — HYUNDAI / KIA / CHRYSLER",https://cdn.autodoc.de/thumb?id=229910&m=0&n=0&lng=de&rev=94078060,data/processed/product_images/229910/image_01.webp,image_01.webp
https://www.autodoc.de/valeo/7139388,أقراص الفرامل,"VALEO 197173 قرص فرامل لـ HYUNDAI PONY, EXCEL, ACCENT","Front Axle, 241x19mm, 4, Vented","42,49 €",42.49,EUR,Front Axle,241,Vented,No,,,"Without Screws, ohne ABS-Sensorring, ohne integriertes Radlager",19,51.9,,63,,,,197173,VALEO,3276421971732,New,Hyundai Accent LC; Hyundai Accent II LC; ACCENT 1 (X-3),1.5; 1.6; 1.3; 1.5 CRDi,60-105 hp,44-77 kW,1994-2006 years,197173,"51712-25060, 51712-25061",17,,,,,,,,9.65,,,,,,,,,,,,,,,,4,,,,,,2,This property varies depending on the vehicle model,,,,,,,,"OE 51712-25060 — HYUNDAI, OE 51712-25061 — HYUNDAI / KIA (DYK)","https://cdn.autodoc.de/thumb?id=7139388&m=0&n=0&lng=de&rev=94078060, https://cdn.autodoc.de/thumb?id=7139388&m=0&n=1&lng=de&rev=94078060","data/processed/product_images/7139388/image_01.webp, data/processed/product_images/7139388/image_02.webp","image_01.webp, image_02.webp"
https://www.autodoc.de/triscan/13584899,أقراص الفرامل,"TRISCAN 8120 43112C قرص فرامل لـ HYUNDAI EXCEL, ACCENT","241x19mm, 4, Vented","32,90 €",32.9,EUR,This property varies depending on the vehicle model,241,Vented,No,Coated,,,19,52.4,,63.2,4,,,8120 43112C,TRISCAN,5710476312068,New,Hyundai Accent LC; Hyundai Accent II LC,1.5; 1.6; 1.3; 1.5 CRDi,75-105 hp,55-77 kW,1999-2006 years,8120 43112C,"51712-25060, 51712-25061",17,,,,,,,,,,,,,,,,,,,,,,,,,,,,,,,,,,,,,,,"OE 51712-25060 — HYUNDAI, OE 51712-25061 — HYUNDAI","https://cdn.autodoc.de/thumb?id=13584899&m=0&n=0&lng=de&rev=94078060, https://cdn.autodoc.de/thumb?id=13584899&m=0&n=1&lng=de&rev=94078060","data/processed/product_images/13584899/image_01.webp, data/processed/product_images/13584899/image_02.webp","image_01.webp, image_02.webp"
https://www.autodoc.de/valeo/23918458,أقراص الفرامل,"VALEO 673320 قرص فرامل لـ HYUNDAI PONY, EXCEL, ACCENT","Front Axle, 241x19mm, 4, Vented","44,99 €",44.99,EUR,Front Axle,241,Vented,,Coated,,"Without Screws, ohne ABS-Sensorring, ohne integriertes Radlager",19,52,,,,,,673320,VALEO,3276426733205,New,Hyundai Accent LC; Hyundai Accent II LC; ACCENT 1 (X-3),1.5; 1.6; 1.3; 1.5 CRDi,60-105 hp,44-77 kW,1994-2006 years,673320,51712-25060,17,,,ECE-R90,,,,,9.41,,,,,,,,,,,,,,,,4,,,,,,2,This property varies depending on the vehicle model,,,,,,,,OE 51712-25060 — HYUNDAI,"https://cdn.autodoc.de/thumb?id=23918458&m=0&n=0&lng=de&rev=94078060, https://cdn.autodoc.de/thumb?id=23918458&m=0&n=1&lng=de&rev=94078060","data/processed/product_images/23918458/image_01.webp, data/processed/product_images/23918458/image_02.webp","image_01.webp, image_02.webp"
https://www.autodoc.de/skf/23001743,أقراص الفرامل,"SKF VKBD 80485 V2 قرص فرامل لـ HYUNDAI PONY, EXCEL, ACCENT","241x19mm, 4, 2x100, Internally Vented","34,75 €",34.75,EUR,This property varies depending on the vehicle model,241,Internally Vented,,Coated,,,19,52,,63.2,4,,100,VKBD 80485 V2,SKF,7316582021016,New,Hyundai Accent LC; Hyundai Accent II LC; Hyundai Accent X3,1.5; 1.6; 1.3; 1.5 CRDi; 1.5 i 16V,75-105 hp,55-77 kW,1995-2006 years,VKBD 80485 V2,"51712-25060, 51712-25061, 51712-25010",17,,,,,,,,,,,,,,,,,,,,,,,,,,,,,,,,2,,,,,,,"OE 51712-25060 — HYUNDAI, OE 51712-25061 — HYUNDAI, OE 51712-25010 — HYUNDAI","https://cdn.autodoc.de/thumb?id=23001743&m=0&n=0&lng=de&rev=94078060, https://cdn.autodoc.de/thumb?id=23001743&m=0&n=1&lng=de&rev=94078060, https://cdn.autodoc.de/thumb?id=23001743&m=0&n=2&lng=de&rev=94078060","data/processed/product_images/23001743/image_01.webp, data/processed/product_images/23001743/image_02.webp, data/processed/product_images/23001743/image_03.webp","image_01.webp, image_02.webp, image_03.webp"
https://www.autodoc.de/fte/25782104,أقراص الفرامل,"FTE 9082735 قرص فرامل لـ HYUNDAI PONY, EXCEL, ACCENT","Front Axle, 241x19mm, 4, Vented","42,99 €",42.99,EUR,Front Axle,241,Vented,,Coated,,"ohne ABS-Sensorring, ohne integriertes Radlager",19,52,,,,,,9082735,FTE,3276427974072,New,,,,,,,,17,,,ECE-R90,,,,,4.9,,,,,,,,,,,,,,,,4,,,,,,2,This property varies depending on the vehicle model,,,,,,,,OE 51712-25061 — HYUNDAI / KIA (DYK),https://cdn.autodoc.de/thumb?id=25782104&m=0&n=0&lng=de&rev=94078060,data/processed/product_images/25782104/image_01.webp,image_01.webp
https://www.autodoc.de/ridex/18364313,أقراص الفرامل,RIDEX 82B3185 قرص فرامل,"Rear Axle, 274x10mm, 5/7x114.3, Solid, Cast Iron","22,49 €",22.49,EUR,"Rear Axle, This property varies depending on the vehicle model",274,Solid,No,Uncoated,Untreated,,10,47.2,Cast Iron,62,5 / 7,14.6,114.3,82B3185,RIDEX,4066423546934,New,Corolla XII Kombi (E210); Corolla XII Schrägheck (E210); Corolla XII Limousine (E210); Corolla XII Commercial (E210); Swace (SZ5; SZT),1.8 VVTi Hybrid; 2.0 Hybrid; 1.8 Hybrid; 1.2; 1.5 VVTi; 1.6 VVTi,102-196 hp,75-144 kW,2018-2026 years,82B3185,"4243102320, T424310232",,,,,,,,,,,,,,,,,,,,,,,,,,,,,,,,,,2016 / 11,,,,,,"OE 4243102320 — TOYOTA, OE T424310232 — SUZUKI","https://media.autodoc.de/360_photos/18364313/h-preview.jpg, https://media.autodoc.de/360_photos/18364313/preview.jpg, https://cdn.autodoc.de/thumb?id=18364313&m=0&n=0&lng=de&rev=94078060, https://cdn.autodoc.de/thumb?id=18364313&m=0&n=1&lng=de&rev=94078060, https://cdn.autodoc.de/thumb?id=18364313&m=0&n=2&lng=de&rev=94078060, https://cdn.autodoc.de/thumb?id=18364313&m=0&n=3&lng=de&rev=94078060, https://cdn.autodoc.de/thumb?id=18364313&m=0&n=4&lng=de&rev=94078060, https://cdn.autodoc.de/thumb?id=18364313&m=0&n=5&lng=de&rev=94078060, https://cdn.autodoc.de/thumb?id=18364313&m=0&n=6&lng=de&rev=94078060","data/processed/product_images/18364313/image_01.webp, data/processed/product_images/18364313/image_02.webp, data/processed/product_images/18364313/image_03.webp, data/processed/product_images/18364313/image_04.webp, data/processed/product_images/18364313/image_05.webp, data/processed/product_images/18364313/image_06.webp, data/processed/product_images/18364313/image_07.webp, data/processed/product_images/18364313/image_08.webp, data/processed/product_images/18364313/image_09.webp","image_01.webp, image_02.webp, image_03.webp, image_04.webp, image_05.webp, image_06.webp, image_07.webp, image_08.webp, image_09.webp"
https://www.autodoc.de/ridex/14920241,أقراص الفرامل,RIDEX 82B2145 قرص فرامل,"Front Axle, 288x25mm, 5/7x114.3, Vented, Cast Iron","31,49 €",31.49,EUR,"Front Axle, This property varies depending on the vehicle model",288,Vented,No,Uncoated,Untreated,"ohne Radlager, ohne Radbefestigungsbolzen, ohne Radnabe",25,47,Cast Iron,69,5 / 7,12.6,114.3,82B2145,RIDEX,4059191871476,New,Hyundai i30 PDE; Hyundai i30 III Kombi; XCeed (CD); Kia Ceed CD; Hyundai i30 Fastback; Kia Ceed Sportswagon CD; Proceed (CD); Ceed III Kasten / Kombi (CD); Ceed III Kasten / Schrägheck (CD),1.5 DPI; 1.5 T-GDI hybrid 48V; 1.0 T-GDI; 1.5; 1.0 T-GDI hybrid 48V; 1.6 CRDi hybrid 48V; 1.6 CRDi; 1.6 16V; 2.0; 1.6 T-GDi; 1.4 T-GDI; 1.5 T-GDI Hybrid 48V; 1.0 T-GDI LPG; 1.5 T-GDI MHEV; 1.5 T-GDI; 1.0 T-GDI MHEV; 1.0 T-GDI 100 Eco-Dynamics+; 1.5 T-GDI Eco-Dynamics+; 1.4 LPG; 1.6; 1.4; 1.0 T-GDI Eco-Dynamics+; 1.6 CRDi Eco-Dynamics+; CRDI; CRDi; T-GDI; T-GDI GT,95-204 hp,70-150 kW,2016-2026 years,82B2145,51712G4000,,,,,,,,,,,,,,,,,,,,,,,,,,,,,,,,,,2016 / 11,,,,,,OE 51712G4000 — HYUNDAI,"https://media.autodoc.de/360_photos/14920241/h-preview.jpg, https://media.autodoc.de/360_photos/14920241/preview.jpg, https://cdn.autodoc.de/thumb?id=14920241&m=0&n=0&lng=de&rev=94078060, https://cdn.autodoc.de/thumb?id=14920241&m=0&n=1&lng=de&rev=94078060, https://cdn.autodoc.de/thumb?id=14920241&m=0&n=2&lng=de&rev=94078060, https://cdn.autodoc.de/thumb?id=14920241&m=0&n=3&lng=de&rev=94078060, https://cdn.autodoc.de/thumb?id=14920241&m=0&n=4&lng=de&rev=94078060, https://cdn.autodoc.de/thumb?id=14920241&m=0&n=5&lng=de&rev=94078060, https://cdn.autodoc.de/thumb?id=14920241&m=0&n=6&lng=de&rev=94078060","data/processed/product_images/14920241/image_01.webp, data/processed/product_images/14920241/image_02.webp, data/processed/product_images/14920241/image_03.webp, data/processed/product_images/14920241/image_04.webp, data/processed/product_images/14920241/image_05.webp, data/processed/product_images/14920241/image_06.webp, data/processed/product_images/14920241/image_07.webp, data/processed/product_images/14920241/image_08.webp, data/processed/product_images/14920241/image_09.webp","image_01.webp, image_02.webp, image_03.webp, image_04.webp, image_05.webp, image_06.webp, image_07.webp, image_08.webp, image_09.webp"
https://www.autodoc.de/ridex/14758657,أقراص الفرامل,RIDEX 82B1977 قرص فرامل passend لـ MERCEDES-BENZ SPRINTER,"Rear Axle, 298x18mm, 6/7x130, Solid, Cast Iron","37,49 €",37.49,EUR,"Rear Axle, This property varies depending on the vehicle model",298,Solid,No,Uncoated,Untreated,"ohne Radlager, ohne Radbefestigungsbolzen, ohne Radnabe",18,71.1,Cast Iron,85,6 / 7,15.2,130,82B1977,RIDEX,4059191864201,New,Mercedes Sprinter 907; Sprinter 907 910; Sprinter 3-t W910; Sprinter 907; Sprinter 4-t (907; 910); Sprinter 3-t W907; Sprinter 4-t Pritsche / Fahrgestell (907); eSprinter Kastenwagen (B910); Sprinter 4-t Tourer (907); Sprinter 3-t Pritsche / Fahrgestell (910),eSPRINTER RWD; 317 CDI; 319 CDI Allrad; 319 CDI RWD; 315 CDI; 311 CDI; 317 CDI RWD; 315 CDI RWD; 311 CDI RWD; 316 CDI Allrad; 314 CDI Allrad; 316 CDI RWD; 314 CDI RWD; 314 CDI; 318 CDI; 215 CDI; 211 CDI; 214 CDI; 319 CDI; 316 CDI; 415 CDI; 419 CDI Allrad; 419 CDI RWD; 415 CDI RWD; 411 CDI RWD; 417 CDI RWD; 416 CDI Allrad; 414 CDI Allrad; 414 CDI; 411 CDI; 416 CDI RWD; 414 CDI RWD; 216 CDi; 217 CDI; 214 CDi; 417 CDI; 418 CDI; Electric; 419 CDI; 416 CDI; 217 CDI RWD; 215 CDI RWD; 211 CDI RWD; 216 CDI RWD; 214 CDI RWD,114-204 hp,84-150 kW,2018-2026 years,82B1977,"A9104230300, A9104230200, 9104230200, 9104230300, A910423020007",,,,,,,,,,,,,,,,,,,,,,,,,,,,,,,,,,2016 / 11,,,,,,"OE A9104230300 — MERCEDES-BENZ, OE A9104230200 — MERCEDES-BENZ, OE 9104230200 — MERCEDES-BENZ, OE 9104230300 — MERCEDES-BENZ, OE A910423020007 — MERCEDES-BENZ, OE 910423020007 — MERCEDES-BENZ","https://media.autodoc.de/360_photos/14758657/h-preview.jpg, https://media.autodoc.de/360_photos/14758657/preview.jpg, https://cdn.autodoc.de/thumb?id=14758657&m=0&n=0&lng=de&rev=94078060, https://cdn.autodoc.de/thumb?id=14758657&m=0&n=1&lng=de&rev=94078060, https://cdn.autodoc.de/thumb?id=14758657&m=0&n=2&lng=de&rev=94078060, https://cdn.autodoc.de/thumb?id=14758657&m=0&n=3&lng=de&rev=94078060, https://cdn.autodoc.de/thumb?id=14758657&m=0&n=4&lng=de&rev=94078060, https://cdn.autodoc.de/thumb?id=14758657&m=0&n=5&lng=de&rev=94078060, https://cdn.autodoc.de/thumb?id=14758657&m=0&n=6&lng=de&rev=94078060","data/processed/product_images/14758657/image_01.webp, data/processed/product_images/14758657/image_02.webp, data/processed/product_images/14758657/image_03.webp, data/processed/product_images/14758657/image_04.webp, data/processed/product_images/14758657/image_05.webp, data/processed/product_images/14758657/image_06.webp, data/processed/product_images/14758657/image_07.webp, data/processed/product_images/14758657/image_08.webp, data/processed/product_images/14758657/image_09.webp","image_01.webp, image_02.webp, image_03.webp, image_04.webp, image_05.webp, image_06.webp, image_07.webp, image_08.webp, image_09.webp"
https://www.autodoc.de/ridex/18249141,أقراص الفرامل,RIDEX 82B3158 قرص فرامل,"Rear Axle, 317x18mm, 5/7x114.3, Vented, Cast Iron","31,49 €",31.49,EUR,"Rear Axle, This property varies depending on the vehicle model",317,Vented,No,Uncoated,Untreated,"ohne Radlager, ohne ABS-Sensorring",18,44.2,Cast Iron,62,5 / 7,14.5,114.3,82B3158,RIDEX,4066423459289,New,RAV4 V (XA50); UX ( AA1; AH1 ); Across SUV,2.5 Hybrid AWD; 2.5 VVTi AWD; 2.0 VVTi; 2.0 VVTi AWD; 2.0 AWD; 2.0; 2.5 Hybrid; 300e,150-306 hp,110-225 kW,2018-2026 years,82B3158,"4243142080, T424314208, 42431WC010",,,,,,,,,,,,,,,,,,,,,,,,,,,,,,,,,,2016 / 11,,,,,,"OE 4243142080 — TOYOTA / LEXUS, OE T424314208 — SUZUKI","https://media.autodoc.de/360_photos/18249141/h-preview.jpg, https://media.autodoc.de/360_photos/18249141/preview.jpg, https://cdn.autodoc.de/thumb?id=18249141&m=0&n=0&lng=de&rev=94078060, https://cdn.autodoc.de/thumb?id=18249141&m=0&n=1&lng=de&rev=94078060, https://cdn.autodoc.de/thumb?id=18249141&m=0&n=2&lng=de&rev=94078060, https://cdn.autodoc.de/thumb?id=18249141&m=0&n=3&lng=de&rev=94078060, https://cdn.autodoc.de/thumb?id=18249141&m=0&n=4&lng=de&rev=94078060, https://cdn.autodoc.de/thumb?id=18249141&m=0&n=5&lng=de&rev=94078060","data/processed/product_images/18249141/image_01.webp, data/processed/product_images/18249141/image_02.webp, data/processed/product_images/18249141/image_03.webp, data/processed/product_images/18249141/image_04.webp, data/processed/product_images/18249141/image_05.webp, data/processed/product_images/18249141/image_06.webp, data/processed/product_images/18249141/image_07.webp, data/processed/product_images/18249141/image_08.webp","image_01.webp, image_02.webp, image_03.webp, image_04.webp, image_05.webp, image_06.webp, image_07.webp, image_08.webp"
https://www.autodoc.de/vaico/872045,أقراص الفرامل,"VAICO V52-80003 قرص فرامل لـ HYUNDAI EXCEL, ACCENT","Front Axle, 241x19mm, 4x100, Vented","15,99 €",15.99,EUR,Front Axle,241,Vented,No,,,,19,52.1,,62.2,,,100,V52-80003,VAICO,4046001545665,New,Hyundai Accent LC; Hyundai Accent II LC,1.5; 1.6; 1.3; 1.5 CRDi,75-105 hp,55-77 kW,1999-2006 years,V52-80003,"51712-25060, 51712-25061",17,,,,,,This property varies depending on the vehicle model,,,,27,11.8,,,Original VAICO Qualität,,,,,,,,,,4,,,,,,,,,,32.9,,,,,"OE 51712-25060 — HYUNDAI, OE 51712-25061 — HYUNDAI","https://cdn.autodoc.de/thumb?id=872045&m=0&n=0&lng=de&rev=94078060, https://cdn.autodoc.de/thumb?id=872045&m=0&n=1&lng=de&rev=94078060, https://cdn.autodoc.de/thumb?id=872045&m=0&n=2&lng=de&rev=94078060, https://cdn.autodoc.de/thumb?id=872045&m=0&n=3&lng=de&rev=94078060","data/processed/product_images/872045/image_01.webp, data/processed/product_images/872045/image_02.webp, data/processed/product_images/872045/image_03.webp, data/processed/product_images/872045/image_04.webp","image_01.webp, image_02.webp, image_03.webp, image_04.webp"
https://www.autodoc.de/jp-group/8188943,أقراص الفرامل,"JP GROUP 3563101709 قرص فرامل لـ HYUNDAI EXCEL, ACCENT","Front Axle, 241x19mm, 6/4, Vented","18,49 €",18.49,EUR,Front Axle,241,Vented,No,,,,19,,,,,,,3563101709,JP GROUP,5710412369958,New,Hyundai Accent LC; Hyundai Accent II LC,1.6; 1.3; 1.5 CRDi; 1.5,75-105 hp,55-77 kW,2000-2005 years,BDC5401,"5171225060, 5171225061, BDC5401",,,,,,,,6 / 4,,,,,,,QH,,,,,,,,,,,,,,,,,,,,,,,,,"OE 5171225060 — HYUNDAI, OE 5171225061 — HYUNDAI",https://cdn.autodoc.de/thumb?dynamic=generic_icons&name=82&mode=5,data/processed/product_images/8188943/image_01.webp,image_01.webp
https://www.autodoc.de/jp-group/12907480,أقراص الفرامل,"JP GROUP 3563101700 قرص فرامل لـ HYUNDAI EXCEL, ACCENT","Front Axle, 241x19mm, 4, Vented","18,99 €",18.99,EUR,Front Axle,241,Vented,No,,,,19,,,,4,,,3563101700,JP GROUP,5710412525002,New,Hyundai Accent LC; Hyundai Accent II LC,1.5; 1.6; 1.3; 1.5 CRDi,75-105 hp,55-77 kW,1999-2006 years,3563101709,"5171225060, 5171225061, 5171225010",,,,,,,,,,,,,,,,,,,,,,,,,,,,,,,,,,,,,,,,"OE 5171225060 — HYUNDAI, OE 5171225061 — HYUNDAI, OE 5171225010 — HYUNDAI",https://cdn.autodoc.de/thumb?id=12907480&m=0&n=0&lng=de&rev=94078060,data/processed/product_images/12907480/image_01.webp,image_01.webp
https://www.autodoc.de/lpr/447874,أقراص الفرامل,"LPR H2002V قرص فرامل لـ HYUNDAI PONY, EXCEL, ACCENT","241x19mm, 4, Internally Vented","21,99 €",21.99,EUR,,241,Internally Vented,No,,,,19,52,,63.2,4,,,H2002V,LPR,8032532022085,New,Hyundai Accent LC; Hyundai Accent II LC; Hyundai Accent X3,1.5; 1.6; 1.3; 1.5 CRDi; 1.5 i 16V,75-105 hp,55-77 kW,1995-2006 years,H2002V,"5171225060, 5171225061, 5171225010, H2002V",17,,,,,,,,,,,,,,,,,,,,,This property varies depending on the vehicle model,,,,,,,,,,,,,,,,,,"OE 5171225060 — HYUNDAI, OE 5171225061 — HYUNDAI, OE 5171225010 — HYUNDAI",https://cdn.autodoc.de/thumb?id=447874&m=0&n=0&lng=de&rev=94078060,data/processed/product_images/447874/image_01.webp,image_01.webp
https://www.autodoc.de/mapco/2030333,أقراص الفرامل,"MAPCO 15270 قرص فرامل لـ HYUNDAI EXCEL, ACCENT","Front Axle, 241x19mm, 4x62, Vented","24,99 €",24.99,EUR,Front Axle,241,Vented,No,,,,19,,,,4,,62,15270,MAPCO,4043605109170,New,Hyundai Accent LC; Hyundai Accent II LC,1.6; 1.3; 1.5 CRDi; 1.5,75-105 hp,55-77 kW,2000-2005 years,15270,51712-25060,,,,,,,,,,,,,,,,,,,,,,,,,,,,,,,,,,,,,,,,OE 51712-25060 — HYUNDAI,https://cdn.autodoc.de/thumb?id=2030333&m=0&n=0&lng=de&rev=94078060,data/processed/product_images/2030333/image_01.webp,image_01.webp
https://www.autodoc.de/triscan/7217944,أقراص الفرامل,"TRISCAN 8120 43112 قرص فرامل لـ HYUNDAI EXCEL, ACCENT","241x19mm, 4, Vented","23,99 €",23.99,EUR,This property varies depending on the vehicle model,241,Vented,No,,,,19,52.4,,63.2,4,,,8120 43112,TRISCAN,5709147579893,New,Hyundai Accent LC; Hyundai Accent II LC,1.5; 1.6; 1.3; 1.5 CRDi,75-105 hp,55-77 kW,1999-2006 years,8120 43112,51712-25060,17,,,,,,,,,,,,,,,,,,,,,,,,,,,,,,,,,,,,,,,OE 51712-25060 — HYUNDAI,"https://cdn.autodoc.de/thumb?id=7217944&m=0&n=0&lng=de&rev=94078060, https://cdn.autodoc.de/thumb?id=7217944&m=0&n=1&lng=de&rev=94078060","data/processed/product_images/7217944/image_01.webp, data/processed/product_images/7217944/image_02.webp","image_01.webp, image_02.webp"
https://www.autodoc.de/ackojap/13173744,أقراص الفرامل,"ACKOJA A52-2507 قرص فرامل لـ HYUNDAI EXCEL, ACCENT","Front Axle, 241x19mm, 4x100, Vented","24,49 €",24.49,EUR,Front Axle,241,Vented,No,,,,19,52.1,,62.2,,,100,A52-2507,ACKOYes,4046001915338,New,Hyundai Accent LC; Hyundai Accent II LC,1.5; 1.6; 1.3; 1.5 CRDi,75-105 hp,55-77 kW,1999-2006 years,A52-2507,51712-25060,17,,,,,,,,,,,,,,,,,,,,,,,,4,,,,,,2,,,,33.1,51712-25060,242,,,OE 51712-25060 — HYUNDAI,https://cdn.autodoc.de/thumb?id=13173744&m=0&n=0&lng=de&rev=94078060,data/processed/product_images/13173744/image_01.webp,image_01.webp
https://www.autodoc.de/fte/10807176,أقراص الفرامل,"FTE BS5401 قرص فرامل لـ HYUNDAI EXCEL, ACCENT","241x19mm, 4x100, Internally Vented","27,49 €",27.49,EUR,This property varies depending on the vehicle model,241,Internally Vented,No,,,,19,52.6,,63.2,4,,100,BS5401,FTE,4028569428598,New,Hyundai Accent LC; Hyundai Accent II LC,1.6; 1.3; 1.5 CRDi; 1.5,75-105 hp,55-77 kW,2000-2005 years,BS5401,"51712-25060, 51712-25061, 51712-25010",17,,,90R-02C0074 / 1334,,,,,,,,,,,,,,,,,,,,,,,,,,,,,,,,,,,,"OE 51712-25060 — HYUNDAI, OE 51712-25061 — HYUNDAI, OE 51712-25010 — HYUNDAI",https://cdn.autodoc.de/thumb?id=10807176&m=0&n=0&lng=de&rev=94078060,data/processed/product_images/10807176/image_01.webp,image_01.webp
https://www.autodoc.de/ackojap/13699907,أقراص الفرامل,"ACKOJA A52-80003 قرص فرامل لـ HYUNDAI PONY, EXCEL, ACCENT","Front Axle, 241x19mm, 4x100, Vented","27,49 €",27.49,EUR,Front Axle,241,Vented,No,,,,19,52.1,,62.2,,,100,A52-80003,ACKOYes,4062375035427,New,Hyundai Accent LC; Hyundai Accent II LC; Hyundai Accent X3,1.5; 1.6; 1.3; 1.5 CRDi; 1.5 i 16V,75-105 hp,55-77 kW,1995-2005 years,A52-80003,"51712-25060, 51712-25061",17,,,,,,,,,,28.5,27,,,,,,,,,,This property varies depending on the vehicle model,,,4,,,,,,,,,,33.1,51712-25061,,11.8,,"OE 51712-25060 — HYUNDAI, OE 51712-25061 — HYUNDAI",https://cdn.autodoc.de/thumb?dynamic=generic_icons&name=82&mode=5,data/processed/product_images/13699907/image_01.webp,image_01.webp
https://www.autodoc.de/bosch/8464174,أقراص الفرامل,"BOSCH 0 986 479 R71 قرص فرامل لـ HYUNDAI EXCEL, ACCENT","241x19mm, 4x100, Vented","27,49 €",27.49,EUR,This property varies depending on the vehicle model,241,Vented,No,Oiled,,,19,52,,63.2,4,,100,0 986 479 R71,BOSCH,2230846417400,New,Hyundai Accent LC; Hyundai Accent II LC,1.5; 1.6; 1.3; 1.5 CRDi,75-105 hp,55-77 kW,1999-2005 years,BD1870,"51712 25060, 51712 25061, BD1870",17,,,,,,,,,,,,,,,,,12.5,,,,,,,,,,,,,,,,,,,,,,"OE 51712 25060 — HYUNDAI / KIA, OE 51712 25061 — HYUNDAI",https://cdn.autodoc.de/thumb?id=8464174&m=0&n=0&lng=de&rev=94078060,data/processed/product_images/8464174/image_01.webp,image_01.webp
https://www.autodoc.de/aisin/27242001,أقراص الفرامل,"AISIN R6F1677S قرص فرامل لـ HYUNDAI EXCEL, ACCENT","241x19mm, 4x100, Vented","31,99 €",31.99,EUR,This property varies depending on the vehicle model,241,Vented,,Coated,,,19,51.9,,62.3,4,,100,R6F1677S,AISIN,5411450838245,New,,,,,,,,17,,,,,,,,4.48,,,,,,,,,,,,,,,,,,,,,,,,,,,,,,,OE 5171225061 — HYUNDAI / KIA (DYK) / HYUNDAI (BEIJING),https://cdn.autodoc.de/thumb?dynamic=generic_icons&name=82&mode=5,data/processed/product_images/27242001/image_01.webp,image_01.webp
https://www.autodoc.de/aisin/27241986,أقراص الفرامل,"AISIN R6F1154S قرص فرامل لـ HYUNDAI EXCEL, ACCENT","240.8x19mm, 4x100, Vented","32,99 €",32.99,EUR,This property varies depending on the vehicle model,240.8,Vented,,Coated,,,19,52,,63.2,4,,100,R6F1154S,AISIN,5411450838092,New,,,,,,,,17,,,,,,,,4.56,,,,,,,,,,,,,,,,,,,,,,,,,,,,,,,"OE 5171225060 — HYUNDAI, OE 5171225061 — HYUNDAI, OE 5171225010 — HYUNDAI",https://cdn.autodoc.de/thumb?dynamic=generic_icons&name=82&mode=5,data/processed/product_images/27241986/image_01.webp,image_01.webp
https://www.autodoc.de/open-parts/10752378,أقراص الفرامل,"OPEN PARTS BDR2289.20 قرص فرامل لـ HYUNDAI EXCEL, ACCENT","Front Axle, 241x19mm, 4, Vented","33,49 €",33.49,EUR,"Front Axle, This property varies depending on the vehicle model",241,Vented,,lackiert,,,19,52,,63.2,4,,,BDR2289.20,OPEN PARTS,8059267030369,New,Hyundai Accent LC; Hyundai Accent II LC,1.5; 1.6; 1.3; 1.5 CRDi,75-105 hp,55-77 kW,1999-2006 years,BDA2289.20,"5171225060, 5171225061, 5171225010",17,,,,,,,,,,,,,,,,,,,,,,,,,,,,,,,,,,,,,,,"OE 5171225060 — HYUNDAI, OE 5171225061 — HYUNDAI, OE 5171225010 — HYUNDAI",https://cdn.autodoc.de/thumb?id=10752378&m=0&n=0&lng=de&rev=94078060,data/processed/product_images/10752378/image_01.webp,image_01.webp
https://www.autodoc.de/fte/17392431,أقراص الفرامل,"FTE 9072004 قرص فرامل لـ HYUNDAI PONY, EXCEL, ACCENT","Front Axle, 241x19mm, 4x100, Vented","35,49 €",35.49,EUR,Front Axle,241,Vented,No,,,,19,53,,62,,,100,9072004,FTE,3276429798997,New,Hyundai Accent LC; Hyundai Accent II LC; ACCENT 1 (X-3),1.5; 1.6; 1.3; 1.5 CRDi,60-105 hp,44-77 kW,1994-2006 years,BS5401,"51712-25060, 51712-25010, 51712-25061",17,,,ECE-R90,,,,,4.77,,,,,,,,,,,,,,,,4,,,,,,2,This property varies depending on the vehicle model,,,,,,,,"OE 51712-25060 — HYUNDAI, OE 51712-25010 — HYUNDAI, OE 51712-25061 — HYUNDAI / KIA (DYK)",https://cdn.autodoc.de/thumb?id=17392431&m=0&n=0&lng=de&rev=94078060,data/processed/product_images/17392431/image_01.webp,image_01.webp
https://www.autodoc.de/abs/7793200,أقراص الفرامل,"A.B.S. SMARTKIT 17578 OE قرص فرامل لـ HYUNDAI EXCEL, ACCENT","241x19mm, 4, Vented","36,49 €",36.49,EUR,,241,Vented,No,,,,19,52.5,,,,,,17578 OE,A.B.S.,8717109483277,New,Hyundai Accent LC; Hyundai Accent II LC,1.6; 1.3; 1.5 CRDi; 1.5,75-105 hp,55-77 kW,1999-2005 years,17578 OE,,17.7,,,,,,,,4.77,,,,A.B.S. SMARTKIT,,,,,,,,,,63,,4,,,,,,,,,,,,,,,,https://cdn.autodoc.de/thumb?id=7793200&m=0&n=0&lng=de&rev=94078060,data/processed/product_images/7793200/image_01.webp,image_01.webp
https://www.autodoc.de/pagid/25362922,أقراص الفرامل,"PAGID 54285NC قرص فرامل لـ HYUNDAI EXCEL, ACCENT","241x19mm, 04/06x100, Internally Vented","35,99 €",35.99,EUR,This property varies depending on the vehicle model,241,Internally Vented,,Coated,,"ohne Radnabe, ohne Radlager, ohne Radbefestigungsbolzen",19,52,,62.2,,12.7,100,54285NC,PAGID,4007590389412,New,,,,,,,,17,,,,125.6,,,04 / 06,4.7,27.8,27.8,8.4,,,,,,,,,,,,,,,,,,,,,,,,,,,,"OE 5171225060 — HYUNDAI, OE 5171225061 — HYUNDAI, OE 5171225010 — HYUNDAI",https://cdn.autodoc.de/thumb?id=25362922&m=0&n=0&lng=de&rev=94078060,data/processed/product_images/25362922/image_01.webp,image_01.webp
https://www.autodoc.de/triscan/7217949,أقراص الفرامل,"TRISCAN 8120 43117 قرص فرامل لـ HYUNDAI EXCEL, ACCENT","241x19mm, 4, Vented","36,99 €",36.99,EUR,,241,Vented,No,,,,19,52.5,,62.4,4,,,8120 43117,TRISCAN,5709147602072,New,Hyundai Accent LC; Hyundai Accent II LC,1.5; 1.6; 1.3; 1.5 CRDi,75-105 hp,55-77 kW,1999-2005 years,8120 43117,"51712-25060, 51712-25061",17,,,,,,,,,,,,,,,,,,,,,,,,,,,,,,,,,,,,,,This property varies depending on the vehicle model,"OE 51712-25060 — HYUNDAI, OE 51712-25061 — HYUNDAI","https://cdn.autodoc.de/thumb?id=7217949&m=0&n=0&lng=de&rev=94078060, https://cdn.autodoc.de/thumb?id=7217949&m=0&n=1&lng=de&rev=94078060","data/processed/product_images/7217949/image_01.webp, data/processed/product_images/7217949/image_02.webp","image_01.webp, image_02.webp"
https://www.autodoc.de/abs/7793353,أقراص الفرامل,"A.B.S. SMARTKIT 17814 OE قرص فرامل لـ HYUNDAI EXCEL, ACCENT","241x19mm, 4, Vented","39,49 €",39.49,EUR,,241,Vented,No,,,,19,52.5,,,,,,17814 OE,A.B.S.,8717109483192,New,Hyundai Accent LC; Hyundai Accent II LC,1.5; 1.3; 1.5 CRDi,75-105 hp,55-77 kW,1999-2005 years,17814 OE,,17,,,,,,,,4.78,,,,A.B.S. SMARTKIT,,,,,,,,,,62.6,,4,,,,,,,,,,,,,,,,https://cdn.autodoc.de/thumb?id=7793353&m=0&n=0&lng=de&rev=94078060,data/processed/product_images/7793353/image_01.webp,image_01.webp
https://www.autodoc.de/textar/7681074,أقراص الفرامل,"TEXTAR 92128500 قرص فرامل لـ HYUNDAI EXCEL, ACCENT","241x19mm, 04/06x100, Internally Vented","38,49 €",38.49,EUR,This property varies depending on the vehicle model,241,Internally Vented,No,,,"ohne Radnabe, ohne Radlager, ohne Radbefestigungsbolzen",19,52,,62.2,,12.7,100,92128500,TEXTAR,4019722267864,New,Hyundai Accent LC; Hyundai Accent II LC,1.5; 1.6; 1.3; 1.5 CRDi,75-106 hp,55-78 kW,1999-2006 years,98200 1285 0 1,"5171225060, 5171225061, 5171225010, 98200 1285 0 1",17,,,,125.6,,,04 / 06,4.7,26.3,26.3,13.5,,,,,,,,,,,,,,,,,,,,,,,,,,,,"OE 5171225060 — HYUNDAI, OE 5171225061 — HYUNDAI, OE 5171225010 — HYUNDAI",https://cdn.autodoc.de/thumb?id=7681074&m=0&n=0&lng=de&rev=94078060,data/processed/product_images/7681074/image_01.webp,image_01.webp
https://www.autodoc.de/valeo/23918397,أقراص الفرامل,"VALEO 673256 قرص فرامل لـ HYUNDAI PONY, EXCEL, ACCENT","Front Axle, 241x19mm, 4, Vented","44,99 €",44.99,EUR,Front Axle,241,Vented,,Coated,,"Without Screws, ohne ABS-Sensorring, ohne integriertes Radlager",19,51.9,,,,,,673256,VALEO,3276426732567,New,Hyundai Accent LC; Hyundai Accent II LC; ACCENT 1 (X-3),1.5; 1.6; 1.3; 1.5 CRDi,60-105 hp,44-77 kW,1994-2006 years,673256,"51712-25060, 51712-25010, 51712-25061",17,,,ECE-R90,,,,,9.65,,,,,,,,,,,,,,,,4,,,,,,2,This property varies depending on the vehicle model,,,,,,,,"OE 51712-25060 — HYUNDAI, OE 51712-25010 — HYUNDAI, OE 51712-25061 — HYUNDAI / KIA (DYK)","https://cdn.autodoc.de/thumb?id=23918397&m=0&n=0&lng=de&rev=94078060, https://cdn.autodoc.de/thumb?id=23918397&m=0&n=1&lng=de&rev=94078060","data/processed/product_images/23918397/image_01.webp, data/processed/product_images/23918397/image_02.webp","image_01.webp, image_02.webp"
https://www.autodoc.de/magneti-marelli/9642136,أقراص الفرامل,"MAGNETI MARELLI 361302040266 قرص فرامل لـ HYUNDAI EXCEL, ACCENT","241x19mm, 4x63.4, Internally Vented","49,99 €",49.99,EUR,,241,Internally Vented,No,,,,19,52.4,,,4,,63.4,361302040266,MAGNETI MARELLI,8001063728735,New,Hyundai Accent LC; Hyundai Accent II LC,1.5; 1.3; 1.5 CRDi,75-105 hp,55-77 kW,1999-2006 years,"MBD0266, 360406004900, DF0049","5171225060, MBD0266",17,,,,,,This property varies depending on the vehicle model,,,,,,,100,,,,,,,,,,,,,,,,,,,,,,,,,,OE 5171225060 — HYUNDAI,https://cdn.autodoc.de/thumb?id=9642136&m=0&n=0&lng=de&rev=94078060,data/processed/product_images/9642136/image_01.webp,image_01.webp
https://www.autodoc.de/ferodo/7431978,أقراص الفرامل,"FERODO DDF1632-1 قرص فرامل لـ HYUNDAI EXCEL, ACCENT","241x19mm, 4, Vented","50,49 €",50.49,EUR,,241,Vented,No,,,,19,52.4,,62.4,4,,,DDF1632-1,FERODO,2062168951500,New,Hyundai Accent LC; Hyundai Accent II LC,1.5; 1.6; 1.3; 1.5 CRDi,75-105 hp,55-77 kW,1999-2006 years,DDF1632-1,"51712-25060, 51712-25061, DDF1632-1",17,,,,,,,,4.73,,,,,100,,,,,,,,,,,,,,,,,,,,,,,,,,"OE 51712-25060 — HYUNDAI, OE 51712-25061 — HYUNDAI","https://cdn.autodoc.de/thumb?id=7431978&m=0&n=0&lng=de&rev=94078060, https://cdn.autodoc.de/thumb?id=7431978&m=0&n=1&lng=de&rev=94078060","data/processed/product_images/7431978/image_01.webp, data/processed/product_images/7431978/image_02.webp","image_01.webp, image_02.webp"
https://www.autodoc.de/magneti-marelli/7976857,أقراص الفرامل,"MAGNETI MARELLI 360406005000 قرص فرامل لـ HYUNDAI EXCEL, ACCENT","241x19mm, 4x62.4, Internally Vented","51,49 €",51.49,EUR,This property varies depending on the vehicle model,241,Internally Vented,No,,,,19,52.4,,,4,,62.4,360406005000,MAGNETI MARELLI,8001063563473,New,Hyundai Accent LC; Hyundai Accent II LC,1.6; 1.3; 1.5 CRDi; 1.5,75-105 hp,55-77 kW,2000-2005 years,DF0050,"51712-25061, DF0050",17,,,,,,,,,,,,,100,,,,,,,,,,,,,,,,,,,,,,,,,,OE 51712-25061 — HYUNDAI,https://cdn.autodoc.de/thumb?dynamic=generic_icons&name=82&mode=5,data/processed/product_images/7976857/image_01.webp,image_01.webp
https://www.autodoc.de/magneti-marelli/7976856,أقراص الفرامل,"MAGNETI MARELLI 360406004900 قرص فرامل لـ HYUNDAI EXCEL, ACCENT","241x19mm, 4x63.4, Internally Vented","73,49 €",73.49,EUR,,241,Internally Vented,No,,hochgekohlt,,19,52.4,,,4,,63.4,360406004900,MAGNETI MARELLI,8001063563480,New,Hyundai Accent LC; Hyundai Accent II LC,1.5; 1.3; 1.5 CRDi,75-102 hp,55-75 kW,1999-2006 years,"DF0049, 361302040266, MBD0266","51712-25060, DF0049",17,,,,,,This property varies depending on the vehicle model,,,,,,,100,,,,,,,,,,,,,,,,,,,,,,,,,,OE 51712-25060 — HYUNDAI,https://cdn.autodoc.de/thumb?id=7976856&m=0&n=0&lng=de&rev=94078060,data/processed/product_images/7976856/image_01.webp,image_01.webp
https://www.autodoc.de/borg-beck/10720907,أقراص الفرامل,"BORG & BECK BBD4336 قرص فرامل لـ HYUNDAI EXCEL, ACCENT","241x19mm, 4, Vented","78,49 €",78.49,EUR,This property varies depending on the vehicle model,241,Vented,,Coated,,,19,52,,63,4,,,BBD4336,BORG & BECK,5055188278999,New,Hyundai Accent LC; Hyundai Accent II LC,1.5; 1.6; 1.3; 1.5 CRDi,75-105 hp,55-77 kW,1999-2006 years,BBD4336,"5171225060, 5171225061, 5171225010",17,,,,,,,,,,,,,,,,,,,,,,,,,,,,,,2,,,,,,,,,"OE 5171225060 — HYUNDAI, OE 5171225061 — HYUNDAI, OE 5171225010 — HYUNDAI",https://cdn.autodoc.de/thumb?id=10720907&m=0&n=0&lng=de&rev=94078060,data/processed/product_images/10720907/image_01.webp,image_01.webp
